序号,比较维度,方案A评分,方案A评分依据,方案B评分,方案B评分依据,结论与理由
1,是否满足普通用户闭环,5,"登录→查询→输入时间→冲突检测→提交→我的预约查看/修改/取消，全流程闭环完整",5,"登录→查询→选时段→提交→我的预约查看/取消，闭环完整，但缺少修改功能，调整需取消后重新预约","两者均满足闭环；方案A支持在线修改（自动重新检测冲突），闭环更完整"
2,是否满足管理员闭环,5,"管理员可完成会议室管理、查看全部预约、处理预约、用户管理，闭环完整",5,"管理员可完成会议室管理、时段配置、查看全部预约、用户管理，闭环完整","两者均满足；方案B管理员额外承担时段配置维护职责，管理负担更重"
3,功能完整性,5,"覆盖查询、自由时长预约、冲突检测、修改/取消、管理员管理全部核心功能",4,"缺少自定义时长与修改预约功能，部分真实场景无法覆盖","方案A功能覆盖更全，与第2周整理的真实场景匹配度更高"
4,用户操作难度,4,"需输入开始/结束时间，遇到冲突时需重试，操作有一定门槛但灵活",5,"点选空闲时段即可完成预约，操作最简单直观","方案B操作更简单；方案A以略高的操作成本换取时长灵活性"
5,实现难度,3,"中等：需实现区间重叠冲突检测算法、并发控制与时间校验",5,"低：仅需时段状态管理（空闲/已占用），无冲突检测算法","方案B实现更容易；方案A难度适中，算法成熟可控"
6,开发工作量,3,"较大：冲突检测、时间校验、并发控制、预约状态管理均需开发",4,"中等：时段管理与预约增删改查，逻辑简单直接","方案A工作量更大，预计多投入约四分之一开发时间，可排入计划"
7,数据库设计难度,3,"中等：预约表含起止时间字段，冲突检测需区间查询",5,"简单：会议室、时段、预约三表，时段状态字段即可","方案B库表更简单；方案A需为区间查询建索引，复杂度可控"
8,时间冲突处理难度,3,"需实现[start,end)区间重叠判断并处理边界（相邻、包含、跨天）",5,"时段互斥天然无冲突，无需冲突检测","方案B无需冲突处理；方案A的检测算法是核心难点但方案成熟"
9,可维护性,4,"逻辑模块化清晰，冲突检测独立封装，修改不影响其他模块",4,"逻辑简单，但时段配置与会议室耦合，新增会议室需同步配置时段","两者相当；方案A模块化更好，方案B配置联动维护成本高"
10,后续扩展能力,5,"自由时间段模型易于扩展：重复预约、日历视图、智能推荐、审批流",2,"固定时段模型扩展困难，支持自定义时长需重构时段体系","方案A扩展性显著占优，是长期演进的关键优势"
11,技术和部署成本,4,"标准Web技术栈+MySQL即可，无额外组件，部署成本与方案B相当",4,"标准Web技术栈+MySQL即可，无额外组件，部署成本与方案A相当","两者技术和部署成本相当，均为标准Web应用"
12,主要风险,3,"并发预约冲突与时间边界校验，属技术风险，可通过锁机制与测试控制",2,"灵活性不足导致用户不满、后期扩展需重构，属产品性风险，后期难以弥补","方案A为可控技术风险，方案B为难以逆转的产品风险"
13,与本组能力匹配程度,4,"冲突检测与并发控制有一定挑战，小组成员经学习可掌握，契合课程能力目标",4,"实现过于简单，技术挑战不足，与课程训练目标匹配一般","方案A难度适度且锻炼价值高；方案B过易，训练价值有限"
,"总分（满分65分）",51,"方案A总分 51/65",54,"方案B总分 54/65","最终选择方案A：方案B虽在实现容易度类维度略占优（54比51），但其失分点（无法自定义时长、扩展受限）恰好命中系统核心诉求；方案A在功能完整性、闭环完整性与后续扩展能力上优势明显，实现难点技术成熟可控。综合产品价值与长期成本，选择方案A作为V1.0实施方案（详见05_方案决策记录）"
